City_ID,City,Lat,Lng,Max Temp,Humidity,Cloudiness,Wind Speed,Country,Description
0,Rikitea,-23.1203,-134.9692,73.71,78,69,12.28,PF,broken clouds
1,Kapaa,22.0752,-159.319,75.52,81,75,4.0,US,heavy intensity rain
2,Ucluelet,48.9329,-125.5528,48.09,88,100,3.0,CA,overcast clouds
3,Bluff,-46.6,168.3333,44.71,71,100,23.82,NZ,overcast clouds
4,Lorengau,-2.0226,147.2712,82.35,77,8,7.67,PG,clear sky
5,Pangnirtung,66.1451,-65.7125,40.62,61,66,3.13,CA,broken clouds
6,San Jeronimo,-11.9472,-75.2829,61.16,40,4,1.88,PE,clear sky
7,Panzhihua,26.5851,101.7128,69.71,81,24,2.26,CN,few clouds
8,Vila Franca Do Campo,37.7167,-25.4333,73.81,71,89,7.54,PT,overcast clouds
9,Margate,51.3813,1.3862,60.96,74,91,1.99,GB,overcast clouds
10,Lusambo,-4.9667,23.45,80.96,66,96,2.26,CD,overcast clouds
11,Punta Arenas,-53.15,-70.9167,53.71,43,0,19.57,CL,clear sky
12,Qazvin,36.2797,50.0049,66.63,18,17,6.98,IR,few clouds
13,Harer,9.3094,42.1258,67.53,57,100,1.16,ET,overcast clouds
14,Bac Lieu,9.285,105.7244,78.13,89,100,8.39,VN,overcast clouds
15,Shizunai,42.3339,142.3669,57.72,74,100,10.51,JP,overcast clouds
16,Puerto Ayora,-0.7393,-90.3518,69.55,92,94,7.0,EC,overcast clouds
17,Barrow,71.2906,-156.7887,28.42,86,90,20.71,US,light snow
18,Meulaboh,4.1363,96.1285,79.21,80,94,2.21,ID,overcast clouds
19,Atuona,-9.8,-139.0333,77.49,67,21,15.41,PF,few clouds
20,Hithadhoo,-0.6,73.0833,83.55,74,68,17.47,MV,broken clouds
21,Xai-Xai,-25.0519,33.6442,78.04,48,9,9.6,MZ,clear sky
22,Banda Aceh,5.5577,95.3222,80.65,78,100,14.29,ID,overcast clouds
23,Porto-Vecchio,41.591,9.2795,74.86,41,0,5.75,FR,clear sky
24,Agirish,61.9247,63.0231,34.9,99,100,4.97,RU,overcast clouds
25,Ushuaia,-54.8,-68.3,53.26,40,40,20.71,AR,light rain
26,Khatanga,71.9667,102.5,12.88,97,100,5.86,RU,overcast clouds
27,Marsa Matruh,31.3525,27.2453,77.83,61,6,11.99,EG,clear sky
28,Codrington,-38.2667,141.9667,54.68,67,79,13.44,AU,broken clouds
29,Thompson,55.7435,-97.8558,42.96,100,90,8.05,CA,overcast clouds
30,Yellowknife,62.456,-114.3525,34.41,100,57,4.0,CA,broken clouds
31,Jamestown,42.097,-79.2353,70.02,75,40,11.01,US,scattered clouds
32,Banjar,-8.19,114.9675,78.66,81,95,8.43,ID,overcast clouds
33,Galle,6.0367,80.217,80.67,83,44,12.8,LK,scattered clouds
34,San Isidro,-12.1167,-77.05,64.02,84,86,3.0,PE,overcast clouds
35,Fomboni,-12.28,43.7425,78.04,80,10,10.38,KM,clear sky
36,East London,-33.0153,27.9116,69.94,70,61,7.96,ZA,broken clouds
37,Bredasdorp,-34.5322,20.0403,69.66,53,100,9.4,ZA,overcast clouds
38,Busselton,-33.65,115.3333,47.08,69,93,5.84,AU,overcast clouds
39,Sao Gabriel,-30.3364,-54.32,72.88,62,19,5.77,BR,few clouds
40,Laguna,38.421,-121.4238,56.08,39,1,5.01,US,clear sky
41,Mbandaka,0.0487,18.2603,85.48,55,52,2.71,CD,broken clouds
42,Bollene,44.2848,4.753,66.79,50,0,25.32,FR,clear sky
43,Zyryanovsk,49.7386,84.2719,35.96,97,100,2.93,KZ,overcast clouds
44,Kavieng,-2.5744,150.7967,82.42,76,96,11.72,PG,overcast clouds
45,Qaanaaq,77.484,-69.3632,28.6,95,98,5.35,GL,overcast clouds
46,Georgetown,5.4112,100.3354,84.13,79,94,0.0,MY,light rain
47,Albany,42.6001,-73.9662,69.31,86,99,1.01,US,overcast clouds
48,Hobart,-42.8794,147.3294,47.26,78,100,1.99,AU,overcast clouds
49,Hilo,19.7297,-155.09,78.28,93,90,8.05,US,moderate rain
50,Okhotsk,59.3833,143.3,31.19,60,17,21.52,RU,few clouds
51,Kieta,-6.2167,155.6333,78.28,81,100,2.13,PG,overcast clouds
52,Tuktoyaktuk,69.4541,-133.0374,24.8,100,90,10.36,CA,light snow
53,Salalah,17.0151,54.0924,79.3,73,6,1.92,OM,clear sky
54,New Norfolk,-42.7826,147.0587,47.91,69,100,1.01,AU,overcast clouds
55,Port Elizabeth,-33.918,25.5701,69.1,88,75,10.36,ZA,fog
56,Port Alfred,-33.5906,26.891,68.54,75,62,7.9,ZA,broken clouds
57,Lakselv,70.0513,24.9718,42.62,70,40,17.27,NO,scattered clouds
58,Mount Pleasant,32.7941,-79.8626,76.05,80,75,1.99,US,broken clouds
59,Doha,25.2867,51.5333,93.51,60,0,8.05,QA,clear sky
60,Poum,-20.2333,164.0167,75.72,90,100,16.28,NC,moderate rain
61,Dunedin,-45.8742,170.5036,46.8,69,100,32.01,NZ,overcast clouds
62,Yen Bai,21.7,104.8667,75.65,83,84,3.36,VN,broken clouds
63,Mataura,-46.1927,168.8643,39.78,91,100,7.76,NZ,overcast clouds
64,Weinan,34.5036,109.5089,54.75,78,0,1.1,CN,light rain
65,Katsuura,35.1333,140.3,69.82,89,100,17.29,JP,overcast clouds
66,San Angelo,31.4638,-100.437,79.29,76,96,10.0,US,overcast clouds
67,Am Timan,11.0297,20.2827,96.37,27,34,4.03,TD,scattered clouds
68,Cape Town,-33.9258,18.4232,72.88,51,100,5.01,ZA,overcast clouds
69,Isangel,-19.55,169.2667,73.47,84,81,7.9,VU,broken clouds
70,Saint Anthony,45.0205,-93.218,60.82,84,90,1.01,US,overcast clouds
71,Kichera,55.9375,110.0997,28.85,75,100,8.28,RU,overcast clouds
72,Kruisfontein,-34.0033,24.7314,66.88,54,100,10.38,ZA,overcast clouds
73,Anadyr,64.75,177.4833,17.01,92,99,5.99,RU,overcast clouds
74,Vaini,-21.2,-175.2,71.87,62,1,12.88,TO,clear sky
75,Pisco,-13.7,-76.2167,62.02,87,66,5.79,PE,broken clouds
76,Tiksi,71.6872,128.8694,19.44,94,98,9.08,RU,overcast clouds
77,Ashland,40.8167,-82.2665,72.16,79,19,15.59,US,few clouds
78,Saint-Michel-Des-Saints,46.6834,-73.9159,61.93,68,100,4.81,CA,overcast clouds
79,Pout,14.7739,-17.0603,90.36,48,0,10.36,SN,clear sky
80,Beringovskiy,63.05,179.3167,18.27,88,48,13.8,RU,scattered clouds
81,Tasiilaq,65.6145,-37.6368,32.11,62,69,2.15,GL,broken clouds
82,Port Macquarie,-31.4333,152.9167,58.89,100,75,9.22,AU,broken clouds
83,Verkhnevilyuysk,63.4453,120.3167,22.96,85,100,11.3,RU,overcast clouds
84,Kahului,20.8947,-156.47,75.97,87,66,14.81,US,broken clouds
85,Kaitangata,-46.2817,169.8464,43.97,79,100,19.06,NZ,overcast clouds
86,Luderitz,-26.6481,15.1594,67.51,60,74,6.2,NA,broken clouds
87,Hobyo,5.3505,48.5268,80.13,77,100,20.67,SO,light rain
88,Port Lincoln,-34.7333,135.8667,52.34,80,80,12.41,AU,broken clouds
89,Kurchum,48.5722,83.6542,40.53,85,100,8.5,KZ,overcast clouds
90,Castro,-24.7911,-50.0119,70.88,60,59,5.37,BR,broken clouds
91,Viedma,-40.8135,-62.9967,80.11,30,98,12.1,AR,overcast clouds
92,Lagoa,39.05,-27.9833,69.21,65,2,7.52,PT,clear sky
93,Dikson,73.5069,80.5464,30.24,78,53,13.31,RU,broken clouds
94,Chuy,-33.6971,-53.4616,68.85,76,62,5.3,UY,broken clouds
95,Torbay,47.6666,-52.7314,47.57,87,90,16.11,CA,overcast clouds
96,Portland,45.5234,-122.6762,41.7,92,75,3.0,US,fog
97,Kodiak,57.79,-152.4072,41.83,72,87,17.13,US,overcast clouds
98,Prado,-17.3411,-39.2208,77.09,76,89,7.11,BR,overcast clouds
99,Alice Town,25.7167,-79.3,79.36,74,1,6.78,BS,clear sky
100,Makkaveyevo,51.7533,113.9454,34.52,68,100,2.33,RU,overcast clouds
101,Bambous Virieux,-20.3428,57.7575,76.21,79,2,5.28,MU,clear sky
102,Carnarvon,-24.8667,113.6333,66.07,65,0,27.87,AU,clear sky
103,Antofagasta,-23.65,-70.4,63.03,66,89,10.8,CL,overcast clouds
104,Taoudenni,22.6783,-3.9836,105.4,5,10,4.68,ML,clear sky
105,Collie,-33.3667,116.15,44.98,84,25,1.32,AU,scattered clouds
106,Akureyri,65.6835,-18.0878,38.21,90,100,1.95,IS,heavy intensity rain
107,Chokurdakh,70.6333,147.9167,15.42,91,100,7.52,RU,overcast clouds
108,Tabou,4.423,-7.3528,81.05,78,91,9.24,CI,overcast clouds
109,Fortuna,40.5982,-124.1573,39.33,38,0,3.71,US,clear sky
110,Avarua,-21.2078,-159.775,71.65,94,90,16.11,CK,heavy intensity rain
111,Saint George,37.1041,-113.5841,45.43,76,75,4.0,US,broken clouds
112,Nouadhibou,20.931,-17.0347,69.51,83,19,21.16,MR,few clouds
113,Puerto Leguizamo,-0.1934,-74.7819,87.1,61,100,1.32,CO,overcast clouds
114,Haines Junction,60.7522,-137.5108,30.88,98,100,3.18,CA,overcast clouds
115,Nikolskoye,59.7035,30.7861,49.8,67,1,5.5,RU,clear sky
116,Plaster Rock,46.9065,-67.39,66.15,77,100,4.47,CA,overcast clouds
117,Veisiejai,54.1,23.7,48.29,65,24,6.11,LT,few clouds
118,Avera,33.194,-82.5271,75.07,70,0,5.08,US,clear sky
119,Linhai,28.85,121.1167,68.94,88,100,4.09,CN,moderate rain
120,Ovsyanka,55.9575,92.5519,27.57,92,100,2.66,RU,light snow
121,Clarksburg,39.2807,-80.3445,74.08,67,40,5.75,US,scattered clouds
122,Novoagansk,61.9449,76.6625,27.03,68,45,6.02,RU,scattered clouds
123,Hermanus,-34.4187,19.2345,70.9,73,99,6.15,ZA,overcast clouds
124,Broken Hill,-31.95,141.4333,56.91,33,1,8.05,AU,clear sky
125,Buchanan,5.8808,-10.0467,80.56,88,96,6.8,LR,light rain
126,Ilulissat,69.2167,-51.1,30.22,69,75,2.3,GL,broken clouds
127,Caravelas,-17.7125,-39.2481,73.35,86,98,5.1,BR,overcast clouds
128,Ribeira Grande,38.5167,-28.7,73.8,64,20,8.05,PT,few clouds
129,Cidreira,-30.1811,-50.2056,70.43,79,22,17.94,BR,few clouds
130,Lincoln,40.8,-96.667,63.66,72,0,1.01,US,clear sky
131,Geraldton,-28.7667,114.6,57.61,62,0,17.27,AU,clear sky
132,Cayenne,4.9333,-52.3333,87.1,76,90,3.0,GF,overcast clouds
133,Lashio,22.9333,97.75,68.31,97,8,1.7,MM,clear sky
134,Kashi,39.4547,75.9797,55.67,23,0,4.85,CN,clear sky
135,Constitucion,-35.3333,-72.4167,56.03,72,98,8.46,CL,overcast clouds
136,Bhinmal,25.0,72.25,86.18,27,0,4.54,IN,clear sky
137,Hami,42.8,93.45,53.06,32,55,1.88,CN,broken clouds
138,Iralaya,15.0,-83.2333,84.29,68,17,5.28,HN,few clouds
139,Karratha,-20.7377,116.8463,76.89,60,0,9.64,AU,clear sky
140,Dhaulpur,26.7,77.9,86.18,33,0,1.99,IN,clear sky
141,Bereda,43.2686,-7.5406,72.0,62,7,5.77,ES,clear sky
142,San Jose,37.3394,-121.895,57.34,42,1,1.01,US,clear sky
143,Villazon,-22.0866,-65.5942,65.46,23,67,2.98,BO,broken clouds
144,Haapiti,-17.5667,-149.8667,76.73,78,99,16.89,PF,light rain
145,Trinidad,-14.8333,-64.9,94.73,38,97,3.09,BO,overcast clouds
146,Iqaluit,63.7506,-68.5145,33.53,100,90,8.99,CA,light intensity drizzle
147,Tyret Pervaya,53.6703,102.3106,30.58,95,100,3.27,RU,overcast clouds
148,Clyde River,70.4692,-68.5914,32.07,79,67,0.89,CA,broken clouds
149,Qostanay,53.1667,63.5833,48.09,63,100,5.59,KZ,overcast clouds
150,Arraial Do Cabo,-22.9661,-42.0278,69.66,83,75,10.36,BR,mist
151,Sisimiut,66.9395,-53.6735,35.15,72,100,5.28,GL,overcast clouds
152,Dalvik,65.9702,-18.5286,39.38,79,100,4.21,IS,overcast clouds
153,Bani,18.2833,-70.3333,81.86,69,99,5.26,DO,overcast clouds
154,Tete,-16.1564,33.5867,88.14,21,0,9.42,MZ,clear sky
155,Necochea,-38.5473,-58.7368,65.03,78,59,10.6,AR,broken clouds
156,Lebu,-37.6167,-73.65,56.57,75,19,5.46,CL,few clouds
157,Upernavik,72.7868,-56.1549,34.47,98,100,19.37,GL,light rain
158,Neiafu,-18.65,-173.9833,73.69,62,3,12.01,TO,clear sky
159,Zhigansk,66.7697,123.3711,16.61,94,100,6.73,RU,overcast clouds
160,Klaksvik,62.2266,-6.589,43.72,64,100,4.79,FO,overcast clouds
161,Sao Filipe,14.8961,-24.4956,80.47,71,5,5.82,CV,clear sky
162,Esperance,-33.8667,121.9,55.58,68,100,25.43,AU,overcast clouds
163,Almaznyy,48.0448,40.045,55.54,65,89,8.05,RU,overcast clouds
164,Champerico,14.3,-91.9167,93.76,79,80,2.98,GT,broken clouds
165,Florenville,49.6998,5.3074,51.87,77,87,10.07,BE,light rain
166,Havre-Saint-Pierre,50.2334,-63.5986,57.67,82,98,6.71,CA,overcast clouds
167,Provideniya,64.3833,-173.3,29.64,89,100,9.78,RU,overcast clouds
168,Bethel,41.3712,-73.414,68.2,81,1,1.01,US,clear sky
169,Caraguatatuba,-23.6338,-45.4899,73.74,81,90,5.7,BR,overcast clouds
170,Viseu,40.661,-7.9097,78.31,28,0,6.71,PT,clear sky
171,Cabo San Lucas,22.8909,-109.9124,80.91,89,40,8.05,MX,scattered clouds
172,Beloha,-25.1667,45.05,70.21,61,0,15.43,MG,clear sky
173,Dali,25.7,100.1833,64.13,83,75,3.42,CN,broken clouds
174,Rawson,-43.3002,-65.1023,68.97,35,100,14.54,AR,overcast clouds
175,Iesolo,45.5331,12.6448,64.09,66,100,4.36,IT,overcast clouds
176,Huarmey,-10.0681,-78.1522,66.49,80,87,8.41,PE,overcast clouds
177,Korla,41.7597,86.1469,55.74,31,73,6.82,CN,broken clouds
178,Samana,19.2056,-69.3369,79.52,80,100,5.41,DO,overcast clouds
179,Coihaique,-45.5752,-72.0662,54.21,50,40,4.61,CL,scattered clouds
180,Tazovskiy,67.4667,78.7,25.41,75,19,7.81,RU,few clouds
181,Ofaqim,31.3141,34.6203,79.74,50,49,12.06,IL,scattered clouds
182,Kiunga,-6.1219,141.2906,74.57,96,80,2.21,PG,broken clouds
183,Limenaria,40.6261,24.5786,60.66,90,100,13.94,GR,light rain
184,Butaritari,3.0707,172.7902,80.83,70,87,9.01,KI,overcast clouds
185,Sitka,57.0531,-135.33,46.29,71,90,12.66,US,light rain
186,Airai,-8.9266,125.4092,62.15,88,100,1.39,TL,overcast clouds
187,Sibolga,1.7427,98.7792,77.81,87,89,1.54,ID,overcast clouds
188,Pitimbu,-7.4706,-34.8086,86.59,60,78,12.12,BR,broken clouds
189,Puerto Quijarro,-17.7833,-57.7667,97.86,39,74,2.8,BO,broken clouds
190,Mount Gambier,-37.8333,140.7667,50.25,74,25,10.4,AU,scattered clouds
191,Viesca,25.35,-102.8,80.96,43,55,5.37,MX,broken clouds
192,Lensk,60.7253,114.9278,23.49,71,4,7.65,RU,clear sky
193,Rocha,-34.4833,-54.3333,71.06,71,93,4.52,UY,overcast clouds
194,Palu,-0.8917,119.8707,78.37,97,93,1.28,ID,overcast clouds
195,Tateyama,34.9833,139.8667,69.73,83,75,5.75,JP,broken clouds
196,Bara,10.3744,10.7288,93.52,29,97,0.49,NG,overcast clouds
197,Basay,9.4087,122.64,81.25,83,100,7.58,PH,overcast clouds
198,Tessalit,20.1986,1.0114,99.79,6,98,13.51,ML,overcast clouds
199,Lata,40.1629,-8.3327,84.34,40,0,4.97,PT,clear sky
200,Xingcheng,40.6167,120.7167,54.88,57,0,2.86,CN,clear sky
201,Bon Accord,53.8335,-113.4187,29.82,81,10,8.7,CA,clear sky
202,Carutapera,-1.195,-46.02,89.91,53,7,10.67,BR,clear sky
203,Waw,7.7029,27.9953,81.61,71,100,8.99,SS,light rain
204,Kendari,-3.945,122.4989,76.59,91,20,1.61,ID,few clouds
205,Vaitape,-16.5167,-151.75,80.44,75,82,12.77,PF,light rain
206,Gat,31.61,34.7642,88.39,54,61,11.56,IL,broken clouds
207,Narsaq,60.9167,-46.05,43.02,51,15,2.73,GL,few clouds
208,Rio Grande,-32.035,-52.0986,71.94,80,58,6.64,BR,broken clouds
209,Marsabit,2.3284,37.9899,78.1,31,100,17.96,KE,overcast clouds
210,Longyearbyen,78.2186,15.6401,28.24,74,75,13.8,SJ,light snow
211,Saskylakh,71.9167,114.0833,15.8,98,100,4.99,RU,overcast clouds
212,Bengkulu,-3.8004,102.2655,76.14,91,84,3.06,ID,broken clouds
213,Atar,20.5169,-13.0499,102.54,10,100,9.17,MR,overcast clouds
214,San Cristobal,7.7669,-72.225,80.78,58,80,7.23,VE,broken clouds
215,Moose Jaw,50.4001,-105.5344,30.29,75,78,6.6,CA,broken clouds
216,Sorland,67.667,12.6934,41.07,68,100,19.24,NO,overcast clouds
217,San Luis,-33.295,-66.3356,77.67,35,85,12.75,AR,overcast clouds
218,Ipixuna,-1.7625,-48.8043,87.75,45,8,4.65,BR,clear sky
219,Shiyan,32.6475,110.7781,60.4,75,0,0.87,CN,light rain
220,Charters Towers,-20.1,146.2667,72.45,64,9,4.59,AU,clear sky
221,Nome,64.5011,-165.4064,33.87,86,75,6.91,US,broken clouds
222,Slave Lake,55.2834,-114.769,30.47,78,23,10.51,CA,few clouds
223,Husavik,66.0449,-17.3389,38.34,66,100,6.08,IS,moderate rain
224,Mongo,12.1844,18.693,102.27,14,62,6.93,TD,broken clouds
225,Santa Maria,-29.6842,-53.8069,74.5,73,75,4.61,BR,broken clouds
226,Medveda,56.5081,92.4078,26.53,53,100,3.18,RU,overcast clouds
227,Ouesso,1.6136,16.0517,82.99,66,70,2.75,CG,broken clouds
228,Ancud,-41.8697,-73.8203,54.66,75,3,4.68,CL,clear sky
229,Faanui,-16.4833,-151.75,80.38,75,82,12.68,PF,light rain
230,Arlit,18.7369,7.3853,100.96,5,38,5.21,NE,scattered clouds
231,Sunndalsora,62.6754,8.5515,45.25,91,100,4.36,NO,overcast clouds
232,Nadym,65.5333,72.5167,29.39,68,100,12.84,RU,overcast clouds
233,Soledad,10.9184,-74.7646,89.73,66,40,5.75,CO,scattered clouds
234,Saint-Philippe,-21.3585,55.7679,74.79,89,64,4.21,RE,light rain
235,North Las Vegas,36.1989,-115.1175,54.72,47,75,18.41,US,dust
236,Tambovka,50.0969,128.0489,46.2,70,92,11.07,RU,overcast clouds
237,Ponta Do Sol,32.6667,-17.1,76.12,65,32,4.85,PT,scattered clouds
238,Mimongo,-1.6195,11.6068,74.8,92,99,0.96,GA,overcast clouds
239,Ambilobe,-13.2,49.05,77.61,70,57,3.44,MG,broken clouds
240,Auki,-8.7676,160.7034,76.24,89,97,4.41,SB,overcast clouds
241,Udachnyy,66.4167,112.4,15.94,93,100,21.94,RU,light snow
242,Broome,42.2506,-75.833,67.91,71,90,1.99,US,overcast clouds
243,Winnemucca,40.973,-117.7357,33.12,59,1,10.36,US,clear sky
244,Spokane,47.6166,-117.3677,34.25,77,1,0.0,US,clear sky
245,Fort Nelson,58.8053,-122.7002,29.79,93,90,4.61,CA,overcast clouds
246,College,64.8569,-147.8028,30.15,85,75,4.61,US,broken clouds
247,Mar Del Plata,-38.0023,-57.5575,62.62,31,90,10.0,AR,overcast clouds
248,Te Anau,-45.4167,167.7167,37.58,97,97,4.5,NZ,overcast clouds
249,Shuyskoye,59.3736,41.0305,43.18,76,96,5.28,RU,light rain
250,Vardo,70.3705,31.1107,41.2,87,75,6.91,NO,broken clouds
251,Goderich,43.7501,-81.7165,67.21,81,78,20.67,CA,broken clouds
252,Severnoye,56.3491,78.3619,27.48,93,76,6.42,RU,broken clouds
253,Phonhong,18.5007,102.4166,74.86,96,59,1.61,LA,broken clouds
254,Tebingtinggi,3.3285,99.1625,80.65,93,96,2.93,ID,overcast clouds
255,Jiayuguan,39.8167,98.3,46.26,24,13,6.26,CN,few clouds
256,Villa Guerrero,18.8667,-99.65,67.62,74,0,2.28,MX,clear sky
257,Victoria,22.2855,114.1577,77.97,81,100,10.0,HK,light rain
258,Yaan,7.3833,8.5667,88.97,58,99,4.97,NG,overcast clouds
259,Port Blair,11.6667,92.75,81.32,84,100,16.8,IN,overcast clouds
260,Calabozo,8.9242,-67.4293,88.14,56,25,6.33,VE,scattered clouds
261,Raudeberg,61.9875,5.1352,45.27,87,100,1.99,NO,overcast clouds
262,Ritchie,-29.038,24.6028,89.6,12,66,8.21,ZA,broken clouds
263,Yar-Sale,66.8333,70.8333,30.06,74,100,14.12,RU,overcast clouds
264,Port Hardy,50.6996,-127.4199,46.58,87,90,19.57,CA,light intensity shower rain
265,Vangaindrano,-23.35,47.6,67.26,69,70,5.28,MG,broken clouds
266,Brasileia,-11.0161,-68.7481,100.08,32,80,2.48,BR,broken clouds
267,Ornes,66.8689,13.7078,43.84,87,100,12.06,NO,light rain
268,Fredericksburg,38.3032,-77.4605,69.75,83,90,0.0,US,overcast clouds
269,Mount Isa,-20.7333,139.5,71.37,78,27,0.0,AU,light rain
270,Pangody,65.85,74.4859,26.56,76,97,9.89,RU,overcast clouds
271,Ushtobe,45.2514,77.9838,42.69,63,61,3.18,KZ,broken clouds
272,Muhos,64.808,25.9931,44.38,92,99,4.97,FI,overcast clouds
273,Kaura Namoda,12.5898,6.5779,98.64,12,84,5.39,NG,broken clouds
274,Coquimbo,-29.9533,-71.3436,56.93,67,90,9.22,CL,overcast clouds
275,San Patricio,28.017,-97.5169,86.09,64,65,18.23,US,broken clouds
276,Wuhan,30.5833,114.2667,66.47,55,2,9.73,CN,light rain
277,Lavrentiya,65.5833,-171.0,28.99,88,100,12.48,RU,overcast clouds
278,Alice Springs,-23.7,133.8833,63.95,42,0,0.0,AU,clear sky
279,Huari,-9.3333,-77.2333,53.76,45,36,6.31,PE,scattered clouds
280,Vanavara,60.34,102.2797,21.99,56,26,2.59,RU,scattered clouds
281,Guiratinga,-16.3494,-53.7583,89.8,48,73,3.96,BR,broken clouds
282,Bulgan,48.8125,103.5347,38.3,57,3,4.85,MN,clear sky
283,Neyshabur,36.2133,58.7958,58.21,13,0,5.82,IR,clear sky
284,Touros,-5.1989,-35.4608,88.7,54,36,16.2,BR,scattered clouds
285,San Quintin,30.4833,-115.95,62.24,52,0,10.02,MX,clear sky
286,San Nicolas,18.1725,120.5953,79.95,78,100,4.32,PH,overcast clouds
287,Severo-Kurilsk,50.6789,156.125,44.15,74,17,26.31,RU,few clouds
288,Namatanai,-3.6667,152.4333,80.42,78,47,7.99,PG,scattered clouds
289,Kizema,61.113,44.8302,42.66,79,92,7.11,RU,overcast clouds
290,San Rafael,-34.6177,-68.3301,73.42,33,100,4.76,AR,overcast clouds
291,Kenai,60.5544,-151.2583,36.09,93,1,5.75,US,clear sky
292,Mehriz,31.5917,54.4318,68.5,14,0,3.49,IR,clear sky
293,Mathbaria,22.2876,89.9593,81.73,76,100,5.7,BD,overcast clouds
294,Jalu,29.0331,21.5482,86.05,28,67,10.67,LY,broken clouds
295,Izumo,35.3667,132.7667,67.62,95,100,8.77,JP,overcast clouds
296,Imeni Poliny Osipenko,52.4201,136.4853,43.05,75,100,5.46,RU,overcast clouds
297,Jinchang,38.4953,102.1739,49.91,24,23,3.91,CN,few clouds
298,Tuatapere,-46.1333,167.6833,41.61,84,100,8.12,NZ,overcast clouds
299,Tulun,54.5611,100.5792,30.04,88,100,4.29,RU,overcast clouds
300,Ambon,-3.6954,128.1814,78.94,89,20,8.05,ID,few clouds
301,Henties Bay,-22.116,14.2845,64.74,77,23,7.4,NA,few clouds
302,Hamilton,39.1834,-84.5333,73.76,77,75,1.99,US,broken clouds
303,Koupela,12.1794,-0.3517,99.12,24,72,2.15,BF,broken clouds
304,Dalbandin,28.8947,64.4101,69.28,9,0,6.38,PK,clear sky
305,Mbour,14.422,-16.9638,90.45,49,100,11.83,SN,overcast clouds
306,Mahebourg,-20.4081,57.7,76.24,79,10,5.39,MU,clear sky
307,Bagdarin,54.4333,113.6,35.53,99,100,2.68,RU,overcast clouds
308,Cairns,-16.9167,145.7667,72.07,92,11,2.3,AU,few clouds
309,Aksu,41.1231,80.2644,53.42,27,0,7.61,CN,clear sky
310,Port Moresby,-9.4431,147.1797,75.94,91,75,3.47,PG,light rain
311,Lima,-12.0432,-77.0282,62.91,82,77,7.78,PE,broken clouds
312,Coahuayana,18.7333,-103.6833,85.48,76,74,2.08,MX,broken clouds
313,Coari,-4.085,-63.1414,86.74,63,100,1.34,BR,overcast clouds
314,Asau,46.4333,26.4,49.28,80,100,3.31,RO,overcast clouds
315,Quelimane,-17.8786,36.8883,76.95,53,20,9.22,MZ,few clouds
316,Maracacume,-2.0428,-45.9592,96.98,36,26,5.14,BR,scattered clouds
317,Grand Gaube,-20.0064,57.6608,76.37,80,1,3.0,MU,clear sky
318,Woodend,-43.3167,172.6667,46.62,62,100,5.99,NZ,moderate rain
319,Kavaratti,10.5669,72.642,82.06,79,100,21.41,IN,overcast clouds
320,Dzilam Gonzalez,21.2833,-88.9333,86.2,60,15,5.01,MX,few clouds
321,Biak,-0.9131,122.8766,77.52,80,74,3.76,ID,broken clouds
322,Ostersund,63.1792,14.6357,42.62,70,40,16.11,SE,scattered clouds
323,El Reno,35.5323,-97.955,71.33,64,90,17.27,US,haze
324,Nanyamba,-10.6833,39.8333,79.25,56,85,11.45,TZ,overcast clouds
325,Mogadishu,2.0371,45.3438,78.57,81,100,15.82,SO,overcast clouds
326,Nelson Bay,-32.7167,152.15,60.01,98,100,1.99,AU,overcast clouds
327,Harwich,51.9419,1.2844,60.57,81,99,8.01,GB,overcast clouds
328,Tabuk,17.4189,121.4443,74.88,88,100,5.23,PH,overcast clouds
329,Marsaxlokk,35.8419,14.5431,72.21,53,20,14.97,MT,few clouds
330,Sibut,5.718,19.0739,79.77,80,83,5.91,CF,broken clouds
331,Mana,5.6592,-53.7767,87.64,63,24,8.48,GF,few clouds
332,Lang Suan,9.9456,99.0785,77.49,88,100,7.78,TH,overcast clouds
333,Pevek,69.7008,170.3133,15.19,92,84,4.32,RU,broken clouds
334,Saint-Joseph,-21.3667,55.6167,73.78,90,62,2.93,RE,light rain
335,Atikokan,48.7555,-91.6216,53.31,85,100,6.98,CA,overcast clouds
336,Kirakira,-10.4544,161.9205,78.67,82,86,2.08,SB,overcast clouds
337,Sao Desiderio,-12.3633,-44.9733,101.08,20,33,5.26,BR,scattered clouds
338,Talnakh,69.4865,88.3972,16.12,96,96,6.17,RU,overcast clouds
339,Bad Mergentheim,49.4925,9.7736,52.29,87,90,13.8,DE,light intensity shower rain
340,Los Llanos De Aridane,28.6585,-17.9182,71.35,88,75,5.75,ES,broken clouds
341,Kaka,37.3482,59.6143,58.3,20,0,6.67,TM,clear sky
342,Quesnel,52.9999,-122.5029,42.39,45,100,14.43,CA,overcast clouds
343,Kaeo,-35.1,173.7833,47.32,93,98,5.7,NZ,overcast clouds
344,Churapcha,62.0025,132.4325,20.44,80,90,9.78,RU,overcast clouds
345,Ust-Ilimsk,58.0006,102.6619,22.35,55,71,2.73,RU,broken clouds
346,Poindimie,-20.9333,165.3333,73.58,91,100,6.49,NC,overcast clouds
347,Pochutla,15.7432,-96.4661,85.82,66,57,2.82,MX,broken clouds
348,Luwuk,-0.9516,122.7875,78.24,81,72,3.53,ID,broken clouds
349,Leningradskiy,69.3833,178.4167,19.65,95,100,6.04,RU,light snow
350,Huaihua,27.5494,109.9592,59.72,74,32,4.61,CN,scattered clouds
351,Abalak,58.1286,68.5944,37.94,100,100,3.6,RU,light rain
352,Souillac,-20.5167,57.5167,76.35,78,33,3.76,MU,scattered clouds
353,Ghanzi,-21.5667,21.7833,87.93,15,0,9.93,BW,clear sky
354,Sheregesh,52.9209,87.9869,29.19,97,100,4.54,RU,light snow
355,Waingapu,-9.6567,120.2641,78.48,70,77,3.53,ID,broken clouds
356,Surgut,61.25,73.4167,33.98,75,75,6.71,RU,broken clouds
357,Gualeguay,-33.1416,-59.3097,74.19,53,32,1.16,AR,scattered clouds
358,Mecca,21.4267,39.8261,93.27,25,26,7.56,SA,scattered clouds
359,Daru,-9.0763,143.2092,78.17,90,96,8.72,PG,overcast clouds
360,Shanghai,31.2222,121.4581,73.27,94,75,15.66,CN,light rain
361,Xuzhou,34.1805,117.1571,58.62,61,3,5.19,CN,light rain
362,Kungurtug,50.5994,97.5228,30.02,79,97,2.39,RU,overcast clouds
363,Lingao,19.9103,109.6859,76.91,71,99,21.63,CN,light rain
364,Pilar,-9.5972,-35.9567,87.73,45,8,12.37,BR,clear sky
365,Suntar,62.1444,117.6319,26.58,52,90,11.25,RU,overcast clouds
366,Flinders,-34.5833,150.8552,58.8,84,100,1.01,AU,overcast clouds
367,Bassila,9.0081,1.6654,90.28,49,57,4.72,BJ,broken clouds
368,Houma,29.5958,-90.7195,84.0,78,3,6.46,US,clear sky
369,Half Moon Bay,37.4636,-122.4286,57.83,38,1,4.0,US,clear sky
370,Zambezi,-13.5432,23.1047,96.15,10,4,8.63,ZM,clear sky
371,Aklavik,68.2191,-135.0107,25.34,82,100,5.66,CA,overcast clouds
372,Port Augusta,-32.5,137.7667,59.14,73,31,10.96,AU,scattered clouds
373,Namibe,-15.1961,12.1522,73.81,77,8,10.36,AO,clear sky
374,Pudozh,61.8099,36.5345,43.84,73,6,7.38,RU,clear sky
375,Pahrump,36.2083,-115.9839,51.69,38,11,4.0,US,few clouds
376,Jutai,-5.1833,-68.9,95.16,44,32,2.66,BR,scattered clouds
377,Yulara,-25.2406,130.9889,61.57,26,0,21.45,AU,clear sky
378,Bandarbeyla,9.4942,50.8122,79.45,83,97,24.2,SO,overcast clouds
379,Calbiga,11.6247,125.0164,77.13,90,100,3.02,PH,overcast clouds
380,Yerbogachen,61.2767,108.0108,18.75,75,11,3.83,RU,few clouds
381,High Level,58.5169,-117.136,32.9,72,35,8.23,CA,scattered clouds
382,Uvira,-3.4067,29.1458,81.25,54,95,5.59,CD,overcast clouds
383,Vila Velha,-20.3297,-40.2925,71.55,88,75,5.75,BR,broken clouds
384,Pospelikha,51.95,81.7667,33.87,51,99,4.83,RU,overcast clouds
385,Leshukonskoye,64.8989,45.7622,41.22,81,73,8.23,RU,broken clouds
386,Jacareacanga,-6.2222,-57.7528,95.2,43,92,2.62,BR,moderate rain
387,Oistins,13.0667,-59.5333,86.09,70,20,18.41,BB,few clouds
388,Nanortalik,60.1432,-45.2371,43.21,59,7,3.29,GL,clear sky
389,Bilibino,68.0546,166.4372,-9.22,98,6,4.14,RU,clear sky
390,Vidim,56.4088,103.1106,24.31,59,100,4.38,RU,overcast clouds
391,Moron,-34.6534,-58.6198,72.97,72,99,1.01,AR,overcast clouds
392,Bridlington,54.0831,-0.1919,55.89,72,73,14.63,GB,broken clouds
393,Saldanha,-33.0117,17.9442,62.96,82,100,16.82,ZA,overcast clouds
394,Liberal,37.0431,-100.921,64.54,63,20,31.07,US,few clouds
395,Hirara,24.8,125.2833,82.08,84,88,28.92,JP,light rain
396,Leshan,29.5623,103.7639,60.73,86,100,1.43,CN,overcast clouds
397,Araouane,18.9048,-3.5265,102.45,6,100,3.96,ML,overcast clouds
398,La Ronge,55.1001,-105.2842,33.76,86,84,7.67,CA,broken clouds
399,Kakogawa,34.7667,134.85,73.62,79,100,8.63,JP,overcast clouds
400,Santa Cruz,-17.8,-63.1667,84.9,45,84,2.42,BO,broken clouds
401,Fillmore,43.6666,-92.1002,60.57,88,90,8.05,US,overcast clouds
402,Adrar,20.5022,-10.0711,101.41,6,19,5.1,MR,few clouds
403,Kaihua,23.3687,104.28,56.46,93,22,5.23,CN,few clouds
404,Zagar,46.35,24.6167,49.48,92,100,4.18,RO,overcast clouds
405,Makat,47.6469,53.3463,56.79,40,43,10.36,KZ,scattered clouds
406,Tabas,33.5959,56.9244,68.97,8,0,6.29,IR,clear sky
407,Yermekeyevo,54.0761,53.6712,50.23,57,100,5.08,RU,overcast clouds
408,Egvekinot,66.3167,-179.1667,17.6,89,100,10.98,RU,overcast clouds
409,Odesskoye,54.2111,72.9651,36.91,100,100,5.64,RU,overcast clouds
410,Da Lat,11.9465,108.4419,62.11,100,100,3.0,VN,overcast clouds
411,Poso,-1.3959,120.7524,78.22,89,95,3.85,ID,overcast clouds
412,Bathsheba,13.2167,-59.5167,84.61,71,97,14.27,BB,overcast clouds
413,Uyemskiy,64.4743,40.8524,42.85,65,0,4.47,RU,clear sky
414,Windhoek,-22.5594,17.0832,93.11,7,0,7.0,NA,clear sky
415,La Libertad,-2.2333,-80.9,71.26,78,75,8.05,EC,broken clouds
416,Turki,51.987,43.2731,52.48,45,100,8.19,RU,overcast clouds
417,Bonavista,48.6499,-53.1147,47.12,93,100,23.85,CA,overcast clouds
418,Soyo,-6.1349,12.3689,78.96,79,82,8.81,AO,broken clouds
419,Oranjemund,-28.55,16.4333,66.0,61,24,7.56,NA,few clouds
420,Dohar,23.5883,90.1469,87.78,69,15,7.11,BD,few clouds
421,Qui Nhon,13.7667,109.2333,78.53,88,100,3.47,VN,overcast clouds
422,Andros Town,24.7,-77.7667,78.76,61,83,6.29,BS,broken clouds
423,San Antonio,29.4241,-98.4936,81.1,91,75,9.22,US,mist
424,Merauke,-8.4667,140.3333,78.85,84,100,9.35,ID,overcast clouds
425,Den Helder,52.9599,4.7593,56.98,57,5,13.0,NL,clear sky
426,Yatou,37.15,122.3833,63.86,72,69,9.28,CN,broken clouds
427,Severiano Melo,-5.7772,-37.9578,95.97,30,14,7.58,BR,few clouds
428,Kirovskiy,45.0917,133.5136,44.8,62,0,3.89,RU,clear sky
429,Eshowe,-28.8865,31.4699,84.0,25,66,6.96,ZA,broken clouds
430,Canchungo,12.0672,-16.0333,92.25,52,88,4.27,GW,overcast clouds
431,Paamiut,61.994,-49.6678,38.88,75,100,8.3,GL,overcast clouds
432,Naryan-Mar,67.6713,53.087,41.79,93,100,9.42,RU,overcast clouds
433,Norman Wells,65.282,-126.8329,26.51,92,81,9.66,CA,broken clouds
434,Sur,22.5667,59.5289,82.8,61,0,7.83,OM,clear sky
435,Oktyabrskiy,54.4815,53.471,49.32,56,100,5.1,RU,overcast clouds
436,Morehead,37.2711,-87.1764,67.95,76,40,3.0,US,scattered clouds
437,Vaxjo,56.8777,14.8091,48.25,66,100,11.5,SE,overcast clouds
438,Kulhudhuffushi,6.6221,73.07,82.8,80,67,16.11,MV,broken clouds
439,Batagay-Alyta,67.8006,130.4114,22.53,96,100,5.88,RU,light snow
440,Dingle,10.9995,122.6711,77.38,87,100,9.78,PH,overcast clouds
441,Alofi,-19.0595,-169.9187,73.9,63,0,16.73,NU,clear sky
442,Carbonia,39.1672,8.5222,72.25,55,0,14.74,IT,clear sky
443,Awbari,26.5921,12.7805,79.48,33,100,11.92,LY,overcast clouds
444,Karaton,-6.3424,106.1045,85.96,79,88,1.39,ID,overcast clouds
445,Hokitika,-42.7167,170.9667,40.93,79,30,5.53,NZ,scattered clouds
446,Kajaani,64.2273,27.7285,42.85,93,75,5.75,FI,broken clouds
447,Kidal,18.4411,1.4078,101.64,5,26,9.46,ML,scattered clouds
448,Walvis Bay,-22.9575,14.5053,66.97,70,33,7.2,NA,scattered clouds
449,Mosetse,-20.75,26.65,86.49,7,0,12.66,BW,clear sky
450,Itoman,26.1247,127.6694,81.37,92,75,10.36,JP,broken clouds
451,Livingstonia,-10.606,34.1063,69.1,63,71,11.12,MW,broken clouds
452,Manokwari,-0.8667,134.0833,79.72,81,11,1.99,ID,few clouds
453,Alyangula,-13.8483,136.4192,75.07,100,17,0.0,AU,few clouds
454,Lannion,48.75,-3.4167,61.34,77,90,10.36,FR,overcast clouds
455,Esqueda,30.7167,-109.5833,63.3,70,55,30.06,MX,broken clouds
456,Tak Bai,6.2595,102.0546,81.23,78,100,3.94,TH,overcast clouds
457,Le Mans,48.0,0.2,62.53,59,40,5.75,FR,scattered clouds
458,Acajutla,13.5928,-89.8275,83.75,69,8,1.66,SV,clear sky
459,Trat,12.5,102.5,81.99,96,99,3.27,TH,heavy intensity rain
460,Hambantota,6.1241,81.1185,80.94,89,20,6.91,LK,few clouds
461,Miranda De Ebro,42.6865,-2.947,70.23,32,6,10.33,ES,clear sky
462,Isiro,2.7739,27.616,71.91,85,100,3.11,CD,overcast clouds
463,Saint-Leu,-21.15,55.2833,74.26,89,29,1.81,RE,light rain
464,Bongandanga,1.5,21.05,72.81,88,100,2.68,CD,overcast clouds
465,Troitsko-Pechorsk,62.7084,56.1964,41.97,91,96,6.62,RU,overcast clouds
466,Sompeta,18.9333,84.6,81.1,82,100,1.99,IN,overcast clouds
467,Garowe,8.4054,48.4845,87.17,42,100,18.48,SO,overcast clouds
468,Alpena,45.0617,-83.4327,68.11,97,90,3.0,US,overcast clouds
469,Tucuman,-26.8241,-65.2226,90.45,32,46,3.94,AR,scattered clouds
470,Elk Plain,47.0532,-122.3976,40.46,95,1,0.0,US,clear sky
471,Porto Novo,6.4965,2.6036,87.21,66,55,9.22,BJ,broken clouds
472,Guayape,14.7167,-86.8333,74.39,61,6,1.68,HN,clear sky
473,Buraydah,26.326,43.975,91.35,12,5,7.65,SA,clear sky
474,Leh,34.1667,77.5833,46.02,19,8,5.06,IN,clear sky
475,Mananjary,-21.2167,48.3333,70.32,76,100,4.74,MG,overcast clouds
476,Verkhoyansk,67.5447,133.385,23.94,95,100,2.73,RU,overcast clouds
477,Realeza,-25.7689,-53.5325,79.9,48,39,3.58,BR,scattered clouds
478,Ola,59.5833,151.2833,32.2,85,91,7.76,RU,overcast clouds
479,Sobolevo,54.4299,31.8996,46.18,69,100,6.58,RU,light rain
480,Uporovo,56.3109,66.2693,44.37,94,100,6.17,RU,overcast clouds
481,Carballo,43.213,-8.691,81.59,57,2,4.88,ES,clear sky
482,Hasaki,35.7333,140.8333,66.6,87,100,20.85,JP,overcast clouds
483,Banepa,27.6298,85.5214,70.12,88,20,5.75,NP,few clouds
484,Jacqueville,5.2052,-4.4146,84.11,80,52,10.83,CI,broken clouds
485,Cortona,43.2745,11.9871,62.76,44,95,4.72,IT,overcast clouds
486,Wausau,44.9591,-89.6301,60.71,86,90,3.0,US,overcast clouds
487,San-Pedro,4.7485,-6.6363,81.14,77,76,9.35,CI,broken clouds
488,Edd,13.9297,41.6925,90.46,61,99,7.61,ER,overcast clouds
489,Nantucket,41.2835,-70.0995,69.91,68,1,10.36,US,clear sky
490,Mayumba,-3.432,10.6554,79.0,83,63,8.43,GA,broken clouds
491,Warman,52.3168,-106.5679,31.08,76,15,5.77,CA,few clouds
492,Akdepe,42.0551,59.3788,57.29,26,1,10.36,TM,clear sky
493,Umm Kaddadah,13.6017,26.6876,95.05,29,98,3.62,SD,overcast clouds
494,Nizwa,22.9333,57.5333,89.76,29,63,3.58,OM,broken clouds
495,Khandyga,62.6667,135.6,22.17,72,94,7.9,RU,overcast clouds
496,Vila,42.0304,-8.1588,69.75,33,0,1.21,PT,clear sky
497,Karamadai,11.2406,76.9601,73.78,85,93,6.49,IN,overcast clouds
498,Lianran,24.9227,102.485,58.08,93,11,3.98,CN,few clouds
499,Noumea,-22.2763,166.4572,69.78,97,100,11.77,NC,heavy intensity rain
500,Havelock,34.8791,-76.9013,69.78,94,100,4.0,US,overcast clouds
501,Noshiro,40.2039,140.0242,56.19,74,99,10.49,JP,overcast clouds
502,Prochnookopskaya,45.0666,41.1175,60.8,63,53,10.38,RU,broken clouds
503,Westport,41.1415,-73.3579,68.54,82,1,1.01,US,clear sky
504,Saurimo,-9.6608,20.3916,89.58,28,57,7.67,AO,broken clouds
505,Sao Sebastiao Do Paraiso,-20.9169,-46.9914,78.24,51,16,3.71,BR,few clouds
506,Olafsvik,64.8945,-23.7142,43.09,93,100,15.5,IS,overcast clouds
507,Gabane,-24.6667,25.7822,83.35,10,0,6.44,BW,clear sky
508,Nazarovo,56.0064,90.3914,26.13,73,100,3.33,RU,overcast clouds
509,Luanda,-8.8368,13.2343,77.23,78,78,13.56,AO,broken clouds
510,Lagos,6.5833,3.75,86.5,72,46,8.23,NG,scattered clouds
511,Toktogul,41.8708,72.9402,48.72,40,0,4.29,KG,clear sky
512,Alamogordo,32.8995,-105.9603,68.81,53,20,18.41,US,few clouds
513,Mandera,3.9366,41.867,90.82,36,96,10.22,KE,overcast clouds
514,Cockburn Town,21.4612,-71.1419,82.76,76,99,15.84,TC,overcast clouds
515,Casambalangan,18.3765,122.1274,82.22,85,100,10.67,PH,overcast clouds
516,Botwood,49.1499,-55.3482,48.9,86,98,11.14,CA,overcast clouds
517,Nishihara,26.1842,127.7558,80.65,95,40,17.27,JP,scattered clouds
518,Coronel Bogado,-27.1833,-56.3,79.29,50,2,3.62,PY,clear sky
519,Mattru,7.6244,-11.8332,83.16,83,72,4.41,SL,moderate rain
520,Heihe,50.2441,127.4902,46.08,68,68,7.7,CN,broken clouds
521,Birobidzhan,48.8,132.95,45.97,64,13,2.59,RU,few clouds
522,Aleysk,52.4926,82.7822,33.44,57,100,5.88,RU,overcast clouds
523,Kstovo,56.1473,44.1979,45.79,54,18,5.75,RU,few clouds
524,Labuhan,-6.8844,112.2051,82.13,67,77,3.65,ID,broken clouds
525,Maceio,-9.6658,-35.7353,89.04,58,40,13.8,BR,scattered clouds
526,Nemuro,43.3236,145.575,54.27,71,6,8.57,JP,clear sky
527,Rumuruti,0.267,36.5389,71.67,52,98,3.38,KE,overcast clouds
528,North Battleford,52.7834,-108.2847,32.41,81,9,3.06,CA,clear sky
529,Hualmay,-11.0964,-77.6139,65.3,78,73,9.04,PE,broken clouds
530,Lapeer,43.0514,-83.3188,71.22,68,90,12.66,US,overcast clouds
531,Krasnoselkup,65.7,82.4667,27.16,70,17,3.04,RU,few clouds
532,Ajdabiya,30.7554,20.2263,75.65,54,51,16.71,LY,broken clouds
533,El Tocuyo,9.7873,-69.7937,86.79,52,32,7.52,VE,scattered clouds
534,Khani,41.9563,42.9566,63.97,62,43,5.86,GE,scattered clouds
535,Peniche,39.3558,-9.3811,85.48,48,0,8.63,PT,clear sky
536,Shu,43.5983,73.7614,45.48,39,0,10.27,KZ,clear sky
537,Swellendam,-34.0226,20.4417,73.08,43,97,9.73,ZA,overcast clouds
538,Tiznit,29.5833,-9.5,74.95,49,1,9.98,MA,clear sky
539,North Bend,43.4065,-124.2243,40.91,99,90,11.5,US,overcast clouds
540,Shimoda,34.6667,138.95,66.11,87,95,15.43,JP,overcast clouds
541,Inuvik,68.3499,-133.7218,19.56,91,42,8.21,CA,scattered clouds
542,Shingu,33.7333,135.9833,71.35,94,86,4.54,JP,overcast clouds
543,Tocopilla,-22.092,-70.1979,66.34,66,32,11.27,CL,scattered clouds
544,Camacha,33.0833,-16.3333,72.36,60,20,8.05,PT,few clouds
545,Inhambane,-23.865,35.3833,76.98,53,20,11.5,MZ,few clouds
546,Khash,28.2211,61.2158,61.66,11,0,8.23,IR,clear sky
547,Gilbues,-9.8317,-45.3439,102.36,20,41,5.41,BR,scattered clouds
548,Rodeo,38.033,-122.2669,59.9,38,1,15.99,US,clear sky
549,Xining,36.6167,101.7667,46.13,55,89,6.13,CN,overcast clouds
550,Pandan,14.0453,124.1694,79.66,86,100,15.77,PH,overcast clouds
551,Starosubkhangulovo,53.1031,57.4423,43.61,78,100,3.0,RU,overcast clouds
552,Malanje,-9.5402,16.341,89.76,27,88,6.6,AO,overcast clouds
553,Plattsburgh,44.6995,-73.4529,70.36,81,1,1.01,US,clear sky
554,Lysychovo,48.4968,23.2899,51.21,67,100,3.24,UA,overcast clouds
555,Veraval,20.9,70.3667,85.26,71,73,3.62,IN,broken clouds
556,Muros,42.7762,-9.0603,82.69,52,0,6.13,ES,clear sky
557,Shimorskoye,55.3244,42.0267,47.3,59,53,6.64,RU,broken clouds
558,Kropotkin,45.4375,40.5756,66.24,55,89,9.98,RU,overcast clouds
559,Xingyi,24.1877,102.817,55.71,96,43,3.58,CN,scattered clouds
560,Roald,62.5833,6.1333,46.9,71,75,9.22,NO,broken clouds
561,Bairiki,1.3292,172.9752,78.8,78,20,6.91,KI,few clouds
562,Launceston,-41.45,147.1667,47.8,70,40,4.61,AU,scattered clouds
563,Ngunguru,-35.6167,174.5,47.16,84,81,10.02,NZ,broken clouds
564,Berezovyy,51.6667,135.7,44.92,71,100,6.29,RU,overcast clouds
565,Santa Paula,34.3542,-119.0593,60.58,37,1,1.01,US,clear sky
566,Mwinilunga,-11.7358,24.4293,87.69,17,70,7.67,ZM,broken clouds
567,Burns Lake,54.2331,-125.7533,34.52,84,100,5.97,CA,light rain
568,Itarema,-2.9248,-39.9167,88.86,54,55,18.54,BR,broken clouds
569,Port Hedland,-20.3167,118.5667,71.65,88,3,8.05,AU,clear sky
570,Corinto,37.9407,22.9573,70.75,76,42,10.96,GR,scattered clouds
571,Vasai,19.47,72.8,82.49,73,70,5.79,IN,light rain
572,Zakupne,49.1194,26.3376,47.57,86,100,5.1,UA,overcast clouds
573,Cherskiy,68.75,161.3,-3.95,100,33,3.51,RU,scattered clouds
574,Puri,19.8,85.85,84.72,76,100,3.15,IN,overcast clouds
575,Palmer,42.1584,-72.3287,69.76,91,75,0.0,US,broken clouds
576,Madhubani,26.3667,86.0833,81.12,72,4,6.02,IN,clear sky
577,Mtambile,-5.3833,39.7,78.15,77,69,12.15,TZ,broken clouds
578,Itapirapua,-15.8233,-50.6133,94.35,36,21,8.46,BR,few clouds
579,Acapulco,16.8634,-99.8901,82.29,79,8,0.45,MX,clear sky
580,Honiara,-9.4333,159.95,76.98,88,81,2.19,SB,broken clouds
581,Santa Marta,11.2408,-74.199,88.34,68,38,2.75,CO,scattered clouds
582,Lae,-6.7221,146.9847,76.64,87,73,3.67,PG,light rain
583,Ottappalam,10.7667,76.3833,76.05,98,100,2.59,IN,overcast clouds
584,Wufeng,27.45,104.8333,50.68,98,100,3.49,CN,overcast clouds
585,Stornoway,58.2093,-6.3865,53.56,87,75,3.44,GB,broken clouds
586,Storforshei,66.4043,14.5233,42.58,75,75,10.36,NO,broken clouds
587,Dharur,18.8167,76.1167,75.16,63,14,5.73,IN,few clouds
588,Zeya,53.75,127.2667,41.79,81,100,3.4,RU,overcast clouds
589,Vao,-22.6667,167.4833,67.77,96,100,1.48,NC,light rain
590,Bati,11.1833,40.0167,72.61,52,97,3.49,ET,overcast clouds
591,Peace River,56.2501,-117.286,30.65,86,68,1.01,CA,broken clouds
592,Monywa,22.1167,95.1333,83.73,75,23,2.91,MM,few clouds
593,Magan,39.9683,-3.931,78.51,44,39,2.15,ES,scattered clouds
594,Brae,60.3964,-1.353,49.91,57,96,8.48,GB,overcast clouds
595,Hvide Sande,56.0045,8.1294,53.2,55,2,12.73,DK,clear sky
596,Poitiers,46.5833,0.3333,63.25,53,0,8.05,FR,clear sky
597,Turbat,26.0023,63.044,82.96,9,0,22.77,PK,clear sky
598,Nuuk,64.1835,-51.7216,36.21,87,75,5.75,GL,broken clouds
599,Bom Jesus Da Lapa,-13.255,-43.4181,98.56,24,23,5.66,BR,few clouds
600,Ballina,-28.8667,153.5667,62.78,86,94,11.01,AU,overcast clouds
601,Axim,4.8699,-2.2405,82.13,76,45,8.46,GH,light rain
602,Bakaly,55.1789,53.8028,47.77,60,99,6.13,RU,overcast clouds
603,Vagur,61.4732,-6.8119,46.24,85,100,9.78,FO,overcast clouds
604,Merrill,45.1805,-89.6835,58.1,96,90,5.75,US,overcast clouds
605,Belmonte,-15.8631,-38.8828,73.9,87,88,4.14,BR,overcast clouds
606,Kutum,14.2,24.6667,88.34,29,81,6.2,SD,broken clouds
607,Soteapan,18.2333,-94.8667,79.23,81,5,3.29,MX,clear sky
608,Resistencia,-27.4606,-58.9839,85.08,54,32,4.97,AR,light rain
609,Pingliang,35.5392,106.6861,44.35,96,100,1.57,CN,overcast clouds
610,San Vicente,-26.6167,-54.1333,79.32,38,0,4.59,AR,clear sky
611,Koubia,11.5833,-11.9,81.54,66,36,4.97,GN,light rain
612,Wewak,-3.5534,143.6268,81.05,80,44,4.81,PG,scattered clouds
613,Poronaysk,49.2167,143.1167,44.06,74,19,9.28,RU,few clouds
614,Mazamari,-11.3258,-74.5308,90.05,48,12,2.55,PE,few clouds
615,Makakilo City,21.3469,-158.0858,77.32,74,90,5.75,US,overcast clouds
616,Pierre,44.3683,-100.351,54.05,72,38,1.99,US,scattered clouds
617,Slavicin,49.088,17.8735,55.89,66,85,1.99,CZ,overcast clouds
618,Saint-Georges,12.0564,-61.7485,85.23,70,7,11.34,GD,clear sky
619,Rongcheng,30.634,117.8517,65.62,72,90,8.52,CN,light rain
620,Birao,10.2849,22.7882,88.16,51,100,6.33,CF,overcast clouds
621,Dombarovskiy,50.7587,59.5386,49.6,52,100,6.35,RU,overcast clouds
622,Andahuaylas,-13.6556,-73.3872,64.49,44,40,4.61,PE,scattered clouds
623,Mirnyy,62.5353,113.9611,22.19,65,62,11.5,RU,broken clouds
624,Morgan City,29.6994,-91.2068,85.03,79,40,5.75,US,scattered clouds
625,Rundu,-17.9333,19.7667,95.61,10,0,10.11,NA,clear sky
626,Dzhebariki-Khaya,62.2167,135.8,23.32,71,100,7.25,RU,overcast clouds
627,Zhuhai,22.2769,113.5678,77.72,73,40,31.07,CN,scattered clouds
628,Atambua,-9.1061,124.8925,75.29,84,99,0.47,ID,overcast clouds
629,Santa Rosalia,27.3167,-112.2833,69.69,43,0,8.46,MX,clear sky
630,Sosnovo-Ozerskoye,52.5249,111.5418,34.41,77,70,3.91,RU,broken clouds
631,Sain Alto,23.5833,-103.25,66.92,58,22,4.09,MX,few clouds
632,Chara,56.9064,118.2631,25.38,75,100,4.38,RU,overcast clouds
633,Mayor Pablo Lagerenza,-19.9309,-60.7718,90.48,44,52,7.2,PY,broken clouds
634,Tres Picos,15.8667,-93.5333,85.75,61,6,1.86,MX,clear sky
635,Koumac,-20.5667,164.2833,73.89,90,100,5.28,NC,moderate rain
636,Cluses,46.0625,6.575,64.53,60,50,5.82,FR,scattered clouds
637,Tezu,27.9167,96.1667,77.99,70,3,3.94,IN,clear sky
638,Millau,44.0833,2.9167,60.93,43,57,10.2,FR,broken clouds
639,Majene,-3.5403,118.9707,80.53,84,100,5.53,ID,overcast clouds
640,Naze,28.3667,129.4833,77.0,81,71,16.6,JP,broken clouds
641,Bay Roberts,47.5999,-53.2648,48.33,81,98,5.01,CA,overcast clouds
642,Saravan,39.7196,45.6483,57.85,32,39,1.48,AM,scattered clouds
643,Vanimo,-2.6741,141.3028,79.61,85,25,3.04,PG,scattered clouds
644,Dubbo,-32.25,148.6167,53.73,82,90,9.22,AU,overcast clouds
645,Omis,43.4447,16.6886,64.33,56,100,7.07,HR,overcast clouds
646,Tumba,59.1986,17.8332,48.92,72,75,6.91,SE,broken clouds
647,Buala,-8.145,159.5921,79.79,81,96,5.84,SB,overcast clouds
648,Wanaka,-44.7,169.15,35.11,89,67,6.49,NZ,broken clouds
649,Samarai,-10.6167,150.6667,79.23,86,67,4.16,PG,broken clouds
650,Chunhuhub,19.55,-88.6833,86.22,62,46,3.49,MX,scattered clouds
651,Taltal,-25.4,-70.4833,61.47,68,15,5.93,CL,few clouds
652,Bontang,0.1333,117.5,78.28,83,100,8.03,ID,overcast clouds
653,Sayla,22.55,71.4667,86.5,53,77,6.06,IN,broken clouds
654,Halifax,44.6453,-63.5724,70.0,75,97,1.01,CA,overcast clouds
655,Rio Gallegos,-51.6226,-69.2181,60.85,21,90,18.41,AR,overcast clouds
656,Belaya Gora,68.5333,146.4167,19.2,93,100,7.0,RU,light snow
657,Dauphin,51.1494,-100.0502,41.59,59,71,10.67,CA,broken clouds
658,Battle Creek,42.3212,-85.1797,64.62,62,90,16.11,US,overcast clouds
659,Kushiro,42.975,144.3747,48.02,87,10,6.89,JP,clear sky
660,Puerto Escondido,15.85,-97.0667,86.83,62,40,0.0,MX,scattered clouds
661,Laurens,32.4502,-82.9165,73.96,81,1,5.97,US,clear sky
662,Guerrero Negro,27.9769,-114.0611,66.04,59,1,18.43,MX,clear sky
663,Komsomolskiy,40.4272,71.7189,54.32,35,0,0.0,UZ,clear sky
664,Thinadhoo,0.5333,72.9333,83.07,75,74,17.54,MV,broken clouds
665,Donetsk,48.0,37.8,60.93,56,99,5.3,UA,overcast clouds
666,Conceicao Da Barra,-18.5933,-39.7322,70.83,87,100,11.27,BR,overcast clouds
667,Sayyan,15.1718,44.3244,67.95,18,17,13.15,YE,few clouds
668,Vilhena,-12.7406,-60.1458,95.95,32,34,4.7,BR,scattered clouds
669,Ayan,56.45,138.1667,41.45,66,86,8.43,RU,overcast clouds
670,Jijiga,9.35,42.8,72.48,51,99,7.31,ET,overcast clouds
671,Garmsar,35.2182,52.3409,69.24,15,5,4.61,IR,clear sky
672,Salaspils,56.8601,24.3654,48.07,68,91,7.36,LV,overcast clouds
673,Ozernovskiy,51.5,156.5167,44.58,75,17,23.06,RU,light rain
